feat1,feat2,target
-3.140340038906343,1.562441038268782,0.0
-1.5197188246922215,-0.9322678746696442,0.0
-1.7946384714745611,2.7754307514102665,0.0
-0.7765209708954948,3.0967000090754224,0.0
-2.3328018235552483,1.6379733782694526,0.0
-1.9683452506830252,3.4409346288615037,0.0
-3.39939007581582,0.7522879042328758,0.0
-2.096588436609995,2.557132064062782,0.0
-2.4664235479230325,0.489265191211935,0.0
-2.4462185252918784,2.4335905806313622,0.0
-2.344151838975102,2.8280150366107426,0.0
-1.4864423682813466,1.1178245911701696,0.0
-0.4737398207657011,3.4373295256799183,0.0
-2.134573002715563,2.034741686955447,0.0
-1.7904493727735054,0.6851175459810936,0.0
-0.9378274499848109,2.7253840473933195,0.0
-1.2223481902645532,1.5617449064724487,0.0
-1.7360055992795989,2.472918563884682,0.0
-2.142185143588345,3.0459451922604175,0.0
-1.3938263605673824,0.9528165544811411,0.0
-2.7051061840577084,3.6499906062967673,0.0
-1.5211590029665532,2.339397596218241,0.0
-0.4203341446598301,1.4420333816521023,0.0
-1.4253417012364467,2.401394267300773,0.0
-3.1698458168448997,4.170484782318045,0.0
-3.5966861172351416,1.5560548664637666,0.0
-1.9943174151839798,0.4117243638104007,0.0
-2.364942609077075,3.666126888954253,0.0
-1.4938842848088925,0.5533638709926891,0.0
-2.217519946051877,2.7390315402417738,0.0
-1.4615273269085458,1.4182654840383973,0.0
-2.584895201343351,1.8535286206932802,0.0
-1.7101721320770857,1.33993357038455,0.0
-1.2297888975519091,1.0011587599739742,0.0
-2.654064185051692,3.399304644063866,0.0
-3.5854940230843173,2.2164566387891913,0.0
-2.4341599234843816,0.9377318569189239,1.0
-1.4064180006408273,2.1758656380479993,0.0
-2.451261653893707,1.779939679424099,0.0
-1.0850219136985326,-0.14508028672720297,0.0
-2.471894357580353,0.3614681921452658,0.0
-2.68557505884524,1.709327852880142,0.0
-1.4832908320298404,1.618142104894879,0.0
-1.4695601460633172,2.1186504481549475,0.0
-1.3889143643506943,1.5916980935307783,0.0
2.55124695993779,2.2008964739388137,1.0
-2.5624823508647943,0.555515657827153,0.0
-1.3796967701040348,0.19303362528173817,0.0
-0.9520270099490169,0.9374805430918303,0.0
-1.6285148732464867,3.212344765466067,0.0
-3.319931816959137,-1.2646952048751965,0.0
-1.591642879331761,1.0239230401472057,0.0
-2.5109698810930863,1.774623752748814,0.0
-3.1416133211472825,4.300218591702989,0.0
-1.4888089697669749,3.348666292929548,0.0
-3.338335586963352,2.436261548875322,0.0
-0.9814299015783532,2.2518695292213193,0.0
-3.367483327481117,0.12988527253388504,0.0
-0.6624185576941275,1.9075373560125641,0.0
-1.6561237066707686,2.2986064102180555,0.0
-1.714594692410511,2.193639264290464,0.0
0.09262157939387361,1.047772767852779,0.0
-1.5029127843952446,1.7351920401111762,0.0
-2.9695447293806616,2.6801338288198973,0.0
-1.2441761828918474,1.4060810022845058,0.0
-3.1925773599897087,0.7769537433951978,0.0
-0.9771813623108445,1.8011246181198857,0.0
-2.728428867208323,1.9218327008372564,0.0
-1.9541324121840695,1.1595429727195579,0.0
-1.2040473484831837,1.7207312328871807,0.0
-2.0449263565583395,1.1335605375214524,0.0
-1.5417326906741133,2.2252252803993993,0.0
-2.3537821460487973,1.8672994474767264,0.0
-1.4596116284190717,0.2885800993431247,0.0
-1.5667250511734796,0.4568312278837383,0.0
-2.1534703128091612,1.6370716974546733,0.0
-1.6818900250128286,2.4875292846917665,0.0
-1.5917817315703084,2.064683809075963,0.0
-1.0744851817654293,0.48755055794829727,0.0
-1.191503892840074,0.8785610532803885,0.0
-2.710295680569412,0.7117089773491578,0.0
-2.9758297385530077,4.019761502838697,0.0
-1.2251152893608737,2.7247756970345773,0.0
-1.6499399433077016,3.1139908317072296,0.0
-1.4538321006356083,0.37812465859945865,0.0
-0.9698987273384079,2.0210176982771264,0.0
-2.1933475468833326,3.0051893963511223,0.0
-2.2388710779784273,1.6083967244055328,0.0
-2.3071918188038545,2.0198285568830268,0.0
-1.4490294807061457,0.38572149164213876,0.0
0.28098909915974124,2.861754251587081,0.0
-2.1985617816826144,2.142093295029607,0.0
-0.8256149330402296,0.14038238309691375,0.0
-2.640136023323217,-0.07071409486098279,0.0
-2.0304748749300927,3.1133452764407297,0.0
-0.9611653394635034,2.78610116411624,0.0
-2.136008905844574,2.6024097471336587,0.0
-4.243555492276225,2.315875120910058,0.0
-2.7371563501014586,2.2297318503697614,0.0
-2.1055893084404267,2.432035716809808,0.0
-0.22516371304753502,1.782677675014062,0.0
-2.211746491233315,3.2070878857340457,0.0
-1.1949441941784875,1.917692337313174,0.0
-2.0326145332665506,0.7952490210658039,0.0
-2.7497305379528134,2.926200866626493,0.0
-2.118569397119651,1.9138315375232022,0.0
-0.8309252971176948,0.660272435561208,0.0
-2.730250798248429,0.6588520262378978,0.0
-1.8419977367489477,0.27975417862822893,0.0
-2.842449685416559,1.149337096490998,0.0
-2.0716918603545853,0.3525161454181407,0.0
-2.8694701618231218,1.739613674141962,0.0
-2.946817930750486,1.8889393703878157,0.0
-1.3430470001443684,2.5855621469993797,0.0
-3.577485594168062,1.4426890097086766,0.0
-2.662244348920906,2.4037629231015774,0.0
-1.7899112675142252,-1.5470853929512072,0.0
-1.8908418759919416,2.3857720097896307,0.0
-2.839088780408985,-0.5210351393242547,0.0
-0.8939689365672141,1.1176549322332145,0.0
-2.3496819786162653,3.5416103970159005,0.0
-1.54655918937821,2.918817996951096,0.0
-2.795039714090768,1.3188138773699065,0.0
-2.7545654707814156,1.3120548677343282,0.0
-1.5631413170632131,2.381152340757378,0.0
-2.1906836728651364,1.5430240950531267,0.0
-2.4177390162787646,2.433600319671905,0.0
-1.4148844813004806,2.018859363320653,0.0
-1.854265493667409,2.772793665874174,0.0
-1.5598441095987117,2.0966373346031495,0.0
-1.4409417630731114,2.9631990547492557,0.0
-1.7254140231395254,1.8966248358647761,0.0
-2.1979452343490693,0.3088363253993336,0.0
-2.560929470119458,4.2395029710540815,0.0
-1.339559921389838,1.951546696778958,0.0
-2.355982560811739,1.9661657209660828,0.0
-1.6017435552876358,1.5715262724901482,0.0
-1.6285974355485464,2.421840443193489,0.0
-2.522139674484058,1.631857150757805,0.0
-3.7808497410545243,3.848326265337027,0.0
-2.106567070975233,2.3083104213499364,0.0
-1.4904097446073812,1.8879361424908334,0.0
-1.008034780494702,2.9105299986240016,0.0
-2.0658778622848604,3.1255317203283006,0.0
-2.6222911005653105,3.5777838751238504,0.0
-1.1287562312252697,1.2652574520504212,0.0
-1.9364640754214881,1.4780292486070261,0.0
-1.0946799662714652,1.2587198960273218,0.0
-1.8212817578167797,0.19251786798701342,0.0
-1.3714217687047265,0.9131906953042945,0.0
-1.5149159289923408,0.010651704280947527,0.0
-1.620545145635623,2.6717309486364464,0.0
-1.5536418437419934,4.402475651297729,0.0
-2.2600083902763135,2.9612316120655597,0.0
-2.105057969829257,0.50977496972416,0.0
-1.342338495828033,1.7479666737013588,0.0
-2.202426446426134,1.5250661699343868,0.0
-1.2162393644126164,0.07434478166842085,0.0
-2.0236852258483222,2.34145099082388,0.0
-3.1082782887498865,4.426576424457374,0.0
-3.1157565485912744,0.3938190296392763,0.0
-0.6260850755466445,1.5939407457961063,0.0
-2.81548530019494,2.368366598454771,0.0
-1.485388167989177,1.383137951897229,0.0
-2.2878469460513475,2.802189740912881,0.0
-2.607392042944889,1.2051297871325715,0.0
-2.267191185744878,3.364032063885233,0.0
-3.460356552915867,2.966933823667392,0.0
-1.613459037927511,4.236217556042351,0.0
-0.7043881081807595,2.84926733537044,0.0
-1.3228034232293706,0.6526004193521613,0.0
-0.49196528710443443,4.547110487846976,0.0
-1.2973447865305006,0.3694867098803607,0.0
-0.26648714873705837,0.9766631901940055,0.0
-1.823443316000873,1.3590002563298613,0.0
-2.1595242461738486,1.5222495242830694,0.0
-0.8073487542378837,0.3597039242854634,0.0
-1.4343691728387382,1.5158439737853997,0.0
-0.7939509531721463,1.0091808251017431,0.0
-2.6684058368859875,2.9930485476057633,0.0
-2.3457513772440475,3.08186663077241,0.0
-2.190654177488945,0.9958740423936165,0.0
-1.9278678899650235,1.6831908703277703,0.0
-2.3711532108196147,2.607482847408577,1.0
-1.839722795254911,1.7957823931003647,0.0
-2.140489248966622,1.5550634797879643,0.0
-1.5169383422492917,2.1423422640556034,0.0
-1.328287264908369,4.292639673990842,0.0
-2.4230731990219736,3.939601105272648,0.0
-0.5956654153602337,3.0187616720846195,0.0
-1.434230624299476,0.9065613086967201,0.0
-1.5496280730977245,2.956167160012807,0.0
-1.5174907651963196,3.99340141761662,0.0
0.5369148060703215,3.489385244033518,0.0
-2.4569656421368298,0.12195093416775693,0.0
-0.279202800651116,2.1313112186627685,0.0
-1.6622207065055528,2.7263678597177963,0.0
-2.3114457685108767,2.664433258025775,0.0
-0.6744452431809604,2.58536534879266,0.0
-3.560495777577025,0.9776643696276577,0.0
-1.3039050681752538,2.9488138793351384,0.0
-2.187208167760387,3.678275090032937,0.0
-0.7933011674878743,2.177071902154472,0.0
-1.3897486051521142,1.0264028180275155,0.0
-2.858622099572122,3.4287719661768277,0.0
-2.944740957076664,0.15307534274777934,0.0
-3.0419956681184,1.6285518840329578,0.0
-1.3348509460410163,1.7812598533056347,0.0
-1.768397078119639,2.2843571805500993,0.0
-0.9523545432291123,1.396809873140124,0.0
-1.5463427891651182,3.2069483480848677,0.0
-2.181151873401766,3.0177096813510516,0.0
-2.7982282502337674,3.519795794075327,0.0
-1.2322949479721093,4.819554958410765,0.0
-2.7473539984851434,1.986376733846122,0.0
-2.1907686026927977,1.875866142779624,0.0
-2.1044046627818953,2.4475555564535036,0.0
-2.440786661409814,2.3440511289567625,0.0
-0.8252646931681131,-0.4891192797558239,0.0
-1.1753656139691908,1.3487124432671793,0.0
-1.78230871488806,2.4544488008404115,0.0
-1.7357621766888256,2.810973400874156,1.0
-1.5688215997202901,1.7673756814435648,0.0
-1.7577400028126804,4.279049920247724,0.0
-3.578751157178818,1.6861255555536192,0.0
-2.193234320009599,2.400187548460529,0.0
-2.679700267237492,2.5339773679999538,0.0
-2.4541374770818916,2.7071739813680424,0.0
-0.9058807486681222,2.5048101831955627,0.0
-2.4973919569909144,1.0571249415459616,0.0
-0.4631098911416458,1.6930676560064568,0.0
-1.1513300376343643,2.171043438791898,0.0
-2.1060807267278445,1.222497485496194,0.0
-0.9523734102951407,0.37265309062329677,0.0
-2.182876624197116,2.5972589994408306,0.0
-1.1366233042321272,1.3836048662967864,0.0
-2.8650190493240952,0.5571354000665549,0.0
-2.1469931595969096,1.8819837812304903,0.0
-2.950768839426103,0.8682511449220549,0.0
-1.9370370737061675,1.6565839525654993,0.0
-1.7489974671330446,1.5044577292965347,0.0
-4.177245532917836,4.260120047935448,0.0
-1.2830403853486056,2.5209457009811214,0.0
-2.227646129152387,3.4591572359572536,0.0
-1.1322757734116458,2.9506058577506966,0.0
-1.8086060742087362,3.674266056570267,0.0
-3.8301234778325286,2.8978852487297377,0.0
-3.0135700604600784,3.8125560802307965,0.0
-2.8148237479874103,1.5272806527600948,0.0
-2.3928460807582868,0.3222489861499618,0.0
-3.5621885754907963,3.381388419428247,0.0
-1.6679129255987006,2.1474019511448468,0.0
-2.656416980068399,1.900362100976887,0.0
-2.861119111791952,2.782955592470318,0.0
-1.5335331860674544,2.291529697799118,0.0
-1.1119210697091244,2.9511807267495347,0.0
-1.997888241215965,0.4239299897340212,0.0
-2.516672858994836,2.0688190659277557,0.0
-1.7044036910005884,2.531322346729265,0.0
-3.7223590485863394,1.9581527567788857,0.0
-1.5055326578080626,0.8974114742669905,0.0
-1.895504651920206,0.69176557431001,0.0
-2.5041004038925347,2.666586084880718,0.0
-1.1932938447231694,0.6953843477730879,0.0
-2.4288209190203944,2.3158074540484783,0.0
-2.0184383017211647,1.9020327723951191,0.0
-1.1455129683013219,1.106762707356379,0.0
-1.0679709871651202,1.633401537365766,0.0
-2.373354545921169,1.6424899541597373,0.0
-2.8380108451105026,0.9232786138910074,0.0
-1.7493944839377817,1.9041532912467134,0.0
-2.5283073574437047,2.3800182254486093,0.0
-1.5026912324061525,2.196827822296481,0.0
-2.4794968322275412,0.9651374625693856,0.0
-1.8008190983201242,4.688302349976562,0.0
-2.1540134096676007,1.6831434966392624,0.0
1.8078035048678864,1.9192927170596095,1.0
-2.110528820558336,0.7946678260001714,0.0
-1.1325265080407383,1.5238450173734943,0.0
-2.1142195560465185,4.663757599551081,0.0
-1.8451421756995816,0.5124819046423637,0.0
-1.7983417382669642,0.4149432301705098,0.0
-2.1762118869231477,2.5631292688287206,0.0
-3.2561770291732746,1.7482819193064594,0.0
-2.342330056952637,3.6750274372808907,0.0
-1.3461069143343027,1.7660534993098853,0.0
-2.117806751745065,1.6095536326897295,0.0
-0.8200174405110703,1.8500547273759502,0.0
-0.12193117263459263,-0.4241257720396523,0.0
-1.7285240415476029,1.5650713134130296,0.0
-1.6350029129809975,2.479496693837661,0.0
-2.1080791896619386,-0.11329489783483826,0.0
-3.400822142462511,2.597916622718105,0.0
-2.4739048926903675,2.4589260682215275,0.0
-0.832797070656228,0.7196772491266779,0.0
-2.674704437149003,1.3948690098125573,0.0
-3.316838030815278,2.417474167165333,0.0
-1.3445455099194348,2.005774759850107,0.0
-1.2773621563051254,0.34889067408038366,0.0
-0.851379139049987,1.629400090571195,0.0
-2.227898115329098,1.0709799876193489,0.0
-1.4488258650048051,3.001446934042713,0.0
-0.5597625983109411,0.9366885435333927,0.0
-1.6207869349508366,2.636621771359318,0.0
-1.478103898946954,3.3209353347911374,0.0
-1.8429162230812133,1.5282970691254174,0.0
-1.7671014337526232,2.075881337904472,0.0
-1.8932027395621676,1.4371254116756047,0.0
-2.151190227327811,2.7661302692282783,0.0
-3.5434757690265255,0.7187824848735525,0.0
-0.7399649630361824,1.3441051286942907,0.0
-0.914216542312136,3.299481850136884,0.0
-0.9775252405604242,2.991541379587721,0.0
-1.2789659464917036,1.8463740103406205,0.0
-1.4192969040300303,1.2377621494731486,0.0
-2.4883525472800776,3.02683255577717,0.0
-2.049324946979736,-0.18891922919976256,0.0
-2.320040597385834,2.1688148379001446,0.0
-0.39254811154918423,3.6381511136943,0.0
-2.6212544815143484,2.35691987255366,0.0
-2.51457213550455,2.5676249647267264,0.0
-1.963114011877924,3.388027987351088,0.0
-2.62178305135521,0.5185852493680108,0.0
-0.7772715899420664,1.643112491135092,0.0
-0.7432119683055747,0.539210708584525,0.0
-3.438102787758038,2.5398622100772084,0.0
-2.4544223324255507,2.535760353255033,0.0
-2.077150289376806,2.9111335442617348,0.0
-1.256617441319329,2.2649601148038867,0.0
-2.4254753304903924,2.2123963717012813,0.0
-1.604328454361566,3.25674405527384,0.0
-1.4605256833791476,0.85835505804595,0.0
-2.475025852156468,1.8745023317628975,0.0
-1.054998207589252,2.7423204718912944,0.0
-1.582786223950714,3.8829657591055584,0.0
-1.7932593793951874,1.9822460132046322,0.0
-1.7019462807539318,2.880165814390449,0.0
-2.053295857405371,1.3421947765730784,0.0
-2.1196521537284543,1.2660058889839623,0.0
-2.302069119294849,-0.7785401937776837,0.0
-1.6221706322132183,2.832969536486198,0.0
-1.7058926482799157,1.003415116949063,0.0
-1.70031960896232,3.2216345283409047,0.0
-3.1708987982447585,1.107418601555017,0.0
-0.5473096675913791,2.915688632965664,0.0
-2.1914692505045257,1.3376620723236305,0.0
-2.410247997408215,2.113337568906523,0.0
-2.0833137497804515,2.6670406690488786,0.0
-3.079344774853082,-0.36165799492455664,0.0
-2.032580643325171,1.5358172692444607,0.0
-1.3319114010471407,0.6758696063020759,0.0
-1.8202277924310235,0.52050565327487,0.0
-1.6366902181382184,2.010656939714634,0.0
-2.876153614188989,3.3825376706477748,0.0
2.865541015352148,2.190666615242336,1.0
-2.8729272204592364,4.168782744483689,0.0
0.6506791510556988,3.519776558067317,0.0
-2.9779561676695887,4.213990039154099,0.0
-1.25167307537088,1.7366511176180195,0.0
-1.8193322233445293,1.4838933401902117,0.0
-2.0816259136814037,2.8812605802075666,0.0
-1.269988560913037,1.829874439082212,0.0
0.2528249821667692,1.7948306960215494,0.0
-0.18374176307007928,3.208708680044082,0.0
-2.1045225174511706,2.1876192579763103,0.0
-0.19946145537825988,0.7600349542033185,0.0
-3.9657339175134516,2.6123956862073476,0.0
-2.2502873339554554,2.5932259678299863,0.0
-3.0006599124080644,3.765031142382501,0.0
-3.2303057345172608,2.614243834501038,0.0
-3.115574604065243,0.7103330132404095,0.0
-1.5521880790691962,1.7403266318421853,0.0
-2.1035544673457496,0.805732684430261,0.0
-2.496944180704681,0.44746933484192875,0.0
-1.821457317035471,1.291329834599287,0.0
-1.9102570524258187,1.0995973265163066,0.0
-1.7154069511929195,3.2633773246015774,0.0
-2.6337950222923885,0.16171690587341847,0.0
-1.3864443804755686,2.49932031027397,0.0
-0.27288958737657576,2.273557839007875,0.0
-2.565640577045089,0.65851636356893,0.0
-1.0559884135244182,1.7263158887724166,0.0
-1.2778442479167842,1.128288598637514,0.0
-1.6470740102328314,2.7969607756062667,0.0
-1.0079845391595903,0.07420997716175526,0.0
-2.6398746823690944,2.0534273600827513,0.0
-2.300377997252235,3.950691511675384,0.0
-3.0190907210474185,3.096356702815295,0.0
-0.7871168396161803,2.551574449734364,0.0
-1.1793460809154956,1.7647127766746094,0.0
-2.2145452771725322,3.773944961562745,0.0
-2.355236830070317,1.1578514252553642,0.0
-0.2901445681355579,1.562792986930615,0.0
-2.347540342845002,1.5480974580279676,0.0
-1.725343169523697,1.2281082072566747,0.0
-1.2891193740483748,1.5165607003815724,0.0
-2.3823187250076248,1.4109495047424165,0.0
-1.975686128976059,1.8722474604137629,0.0
-1.4216877574385682,1.1416275150845059,0.0
-0.3256514522309919,5.974715346615265,0.0
-1.5263210977048445,2.8058078796349495,0.0
-0.9298917151290342,0.1013135784748842,0.0
-1.6019520105305964,1.3743627898168416,0.0
-1.816987688754718,1.504555578525444,0.0
-2.91629567146192,1.6470465190420889,0.0
-2.1720705345349733,1.7925723898755972,0.0
-4.401675765070596,3.058801875145169,0.0
-1.8684560913295247,1.1620852737491805,0.0
-2.777412929101577,2.7486199237516296,0.0
-2.052568830787448,1.7848449761057572,0.0
-1.2853913374383907,2.7776565747918798,0.0
-0.785229317750807,3.5892985863725624,0.0
-1.812908304420696,1.3007130282497363,0.0
-2.566577792051805,1.8085586230106427,0.0
-1.8394981917462268,1.120503593864535,0.0
-2.7656596971125773,2.582052175919429,0.0
-1.5454008303754614,2.469208420772971,0.0
-2.4406758003056814,2.57334231114423,0.0
-0.9553575711853042,0.6978865942008052,0.0
-2.34858272816943,1.554519396192737,0.0
-2.4280536695495796,1.8351939434730395,0.0
-0.3637966987557675,3.360695533847843,0.0
-2.4242470196890054,0.04255315995839348,0.0
-2.5331331055382957,2.0519320370785223,0.0
-2.7395325494682687,1.8653524353636945,0.0
-1.6062137740603943,2.711182626260219,0.0
-2.439513501624103,1.9314309288979368,0.0
-1.5850335371787354,0.4201398420981892,0.0
-2.4881724577748554,2.2075611476294954,0.0
-2.2691104730163207,0.2819330568730505,0.0
-2.238371922097825,2.804111002829191,0.0
-1.3733534807460086,2.9827707949827214,0.0
-0.4230351137562445,0.4908967988805457,0.0
-2.283252797371629,-0.05805404584177243,0.0
-2.3309894540828937,0.6422645942602525,0.0
-2.7945467045804633,2.1252639171903644,0.0
-0.7919929837154178,3.040823150547906,0.0
-1.4002320962745494,1.8057382927191499,0.0
-1.5259920762956105,1.3671491765364279,0.0
-1.8933323367027466,0.7635340952094924,0.0
-1.1568394490086362,2.0950534588996734,0.0
-2.3583406195008747,3.1155849059598237,0.0
-1.8310177192924197,3.253661375929762,0.0
-2.3001365737809603,2.4869067389220114,0.0
-2.2252162162680085,2.23208533957494,0.0
-2.186978243630193,3.273129345420127,0.0
-2.290271260778615,2.920845550191342,0.0
-2.0442268947257123,1.7113716939058419,0.0
-3.388859211737306,2.0673789696812483,0.0
-2.2293996435064725,2.007915523148309,0.0
-1.7421800211863923,2.2882983819006055,1.0
-1.0740997286837772,1.7635474843331875,0.0
-2.660904465404366,0.7308189115819339,0.0
-2.465811837958128,1.91193130621812,0.0
-0.9144594801894166,1.0850852168683223,0.0
-2.5473967065050234,1.8796398449242355,0.0
-1.7279777667832876,1.3984561262624142,0.0
-2.244851855619161,1.746495352952679,0.0
-0.5714894028853528,3.2601326428754787,0.0
-2.8202763107639646,0.6455631999016134,0.0
-2.2768692724994284,1.636006856686141,0.0
-2.2139905338697012,-0.9871770997239881,0.0
-0.6892726731057375,1.1272482200184968,0.0
-2.1696095485073537,1.0315137007896698,0.0
-1.6456159922371492,0.9971117181380473,0.0
-3.301386149108845,0.13462314561257593,0.0
-1.8806402853325443,2.0550980127098413,0.0
-1.816617682395186,2.37850400193761,0.0
-3.1374066870012927,2.019236867784234,0.0
-2.6327122279831996,2.79693793643387,0.0
-1.4061740982022415,3.645755605156192,0.0
-1.83643568798675,1.4665884830883325,0.0
-0.7799052434183429,2.3340787437646937,0.0
-2.43775032235769,2.0824990961640935,0.0
-2.3949382529592445,2.0056343785491553,0.0
-1.0497417983227169,-0.19381945062566341,0.0
-2.4737538067357545,2.364423883355639,0.0
-1.3832742217389247,0.8718154356743333,0.0
-1.609347188252449,1.3645057534874834,0.0
-0.7138259036532884,2.532793991113995,0.0
-1.3885376893233115,2.2932632610031765,0.0
-1.3187052098085443,-0.18856555102718042,0.0
-2.897985044229961,1.992876719672733,0.0
-2.874767751564461,1.4378472004449594,0.0
2.715310481036648,2.1418250381608024,1.0
-1.441379842939777,0.9563196703186807,0.0
-2.905610204001755,1.4885313276258925,0.0
-3.3310826584866193,2.8237844593521615,0.0
-2.398539762203617,2.7412707983413127,0.0
-3.1316812401176874,4.059957503165757,0.0
-1.3206037876671695,3.575064647310963,0.0
-2.745101649401794,2.8536421066935813,0.0
-2.262888295179352,1.7206657920472082,0.0
-3.0360693758799804,2.452425831219277,0.0
-2.3796740242142023,1.5480720687393295,0.0
-2.2193569735152274,2.009643976127774,0.0
-2.0273963621290876,2.6735291168313773,0.0
-1.4052197894810425,1.4118897813939293,0.0
-2.192208161349167,1.4209814054647332,0.0
-1.0254901831174426,1.2725402759393596,0.0
-2.1449220829239564,1.9285549334859171,0.0
4.079210638548071,2.5801153343706655,1.0
-2.1595240886501914,0.6117245120047092,0.0
-2.56959868626577,3.3843064367688385,0.0
-2.4678075614817607,1.7704861035493535,0.0
-1.208018084000483,2.0165183144994487,0.0
-1.9641238159110115,3.534063319105538,0.0
-1.3915346603904404,1.4102247850977778,0.0
-3.4272426871620656,1.7976357975712163,0.0
-1.6898845966688947,1.2963862261569443,0.0
-0.5601812964818749,2.3067636550949793,0.0
-2.256719812814236,1.115829241170782,0.0
-0.9528970194988351,3.504094468228152,0.0
-0.37375839638986474,3.3447724243452015,0.0
-2.7459595642001915,2.935977210750192,0.0
-0.5767111065302999,2.2399127468500466,0.0
-2.365151059561088,3.5482908062735095,0.0
-1.6011899188452703,1.660344554909106,0.0
-2.1286578463734784,3.2969073148545016,0.0
-3.492044244961834,2.455031881075466,0.0
-1.7165847842474404,2.732937541709445,0.0
-2.3697732316991895,1.165954664257139,0.0
-1.3513638094490144,2.387465577558498,0.0
-2.028247133345741,1.576368496276777,0.0
-2.153518621549766,2.784542461328809,0.0
-0.017471242641222684,1.7435456014429949,0.0
-1.951850720553998,2.713051899947885,0.0
-3.7805409806167773,2.4771159829386624,0.0
-2.786654268235448,1.8826530315032872,0.0
-1.7046885984367415,2.2050042932253957,0.0
-2.4072230531708882,2.7130880383121228,0.0
-3.3984737781252,2.9320431937243705,0.0
-2.772081033798648,3.303494593232239,0.0
-1.7977412819061471,3.3821918330632026,0.0
-2.329093744998667,4.289851500224207,0.0
-2.888443944464109,1.0709600634418606,0.0
-1.2180999100398209,1.196722799740773,0.0
0.09265546098798039,-0.02404147256511502,0.0
-1.5543966614196045,-0.3167985826902924,0.0
-1.9596681130339932,2.524628529732757,0.0
-1.1846726181616343,2.4553173815441496,0.0
2.862592153239312,2.139456307617107,1.0
-1.2275596677863094,0.7919444435349663,0.0
-1.2022892913542333,0.6033808851530917,0.0
-3.322936062268969,2.5622789225810134,0.0
-2.4287887261170806,1.3614511254006607,0.0
-3.1077423938609496,3.079223743257727,0.0
-1.5264514966363754,3.815400969700362,0.0
-0.444509115451877,1.8898204490199744,0.0
-1.5959848370218435,0.5247215948793231,0.0
-0.2438777467535549,1.966179907114197,0.0
-0.769650649031727,0.7998676894137597,0.0
-3.110617806375669,3.7990203761918933,0.0
-1.3329212418394625,1.0912871886428568,0.0
-1.4332605443938986,2.4893136005385443,0.0
-1.5078360696221096,0.4782859704430542,0.0
-0.7754461529936776,1.7753553617700804,0.0
-2.804408849055049,3.120602830821927,0.0
-2.6499741138484985,-0.30295612214656975,0.0
-2.9443195483724383,2.108984387328104,0.0
-2.1085093212483907,1.3825735408382207,0.0
-2.19734190051921,1.943301620732346,0.0
-1.7028397001219353,2.7905164874959834,0.0
-0.9148678354633746,1.20250320124363,0.0
-2.4452548501103535,1.1448301679906314,0.0
-2.236437920904694,2.7390941016505894,0.0
-1.528705046764473,0.9930683950331753,0.0
-1.3699262077485266,1.6510878041463706,0.0
-0.5660205081919296,1.169046141641378,0.0
-1.6012685362508936,0.21660992545589663,0.0
-2.995102992632913,1.7397170789014966,0.0
-1.7460661348390254,3.9822754034317103,0.0
-1.721306298778506,2.0748337464324056,0.0
-1.923416343510662,2.3868109684159555,0.0
-3.5142186999405816,-0.07613306689293209,0.0
-1.8436847299076324,3.683932087138102,0.0
-1.1295883505587545,0.9648632801552501,0.0
-1.8478507883709616,3.380812769457451,0.0
-2.720003625436272,2.850987891096999,0.0
-1.862174955467537,2.0908637732287727,0.0
-2.7197956854620244,4.211345836163206,0.0
-2.447994899428617,1.7154257910947073,0.0
-1.8223287707956644,1.2845310724571535,0.0
-3.6163295946209235,2.8328332524834607,0.0
-2.0802580614823882,3.9645707788952946,0.0
-1.3442988157486377,1.2414019656964372,1.0
0.06012204721975456,2.1988080611032985,0.0
-1.8190264905911626,1.532051406139301,0.0
-0.8179711834076953,3.113991955650805,0.0
-2.2645413326375015,0.8125984477387049,0.0
-0.9487824965343388,1.009607303034123,0.0
-2.496567492812458,1.4030873675641378,0.0
2.3143625325331856,2.03684090666007,1.0
-1.4113519967727042,2.4384399292087546,0.0
-3.5093009710993326,3.48496967947471,0.0
-2.5039237515748813,3.6257764226566493,0.0
-1.542316080081491,2.073356546368342,0.0
-1.0992829089928968,3.5315603501345025,0.0
-1.8299138283699863,3.0377178858099967,0.0
-2.351708732831969,2.930453280002771,0.0
-1.274972401475749,1.1862656306628148,0.0
-1.652028486791032,0.9723089858287159,0.0
-2.346912503875771,4.370312870967611,0.0
-0.7510060586242613,1.1634655861919092,0.0
-2.4040100459095455,1.4048413714204488,0.0
-2.0097542272344513,1.2315945199130842,0.0
-1.5502346203976667,2.2682926622349426,0.0
-0.7249851343727249,1.8830201323305136,0.0
-2.416038963166784,0.5454168965911377,0.0
-2.659653289183336,1.5847804779248622,0.0
-0.8541666059552238,2.196915311386201,0.0
-2.546982102316683,1.064393797730757,0.0
-2.00078233754385,2.208657039945902,0.0
-0.7664068292516473,0.05383710972518485,0.0
-0.7628209999307052,2.5617349180451376,0.0
-1.1791211153919368,1.2652446557840884,0.0
-2.540263021591967,0.2547543052841392,0.0
-1.6814329376683665,1.57422160658827,0.0
-1.78631028939872,2.1386345833547558,0.0
-1.7600922697168515,2.5966047964757113,0.0
-2.5980816256141654,0.653182081587032,0.0
-2.4111361531736546,1.9781670084915233,0.0
-2.8591607926986304,2.321223119628271,0.0
-2.4369975338032615,2.346298870411424,0.0
-2.406822995676773,0.9353150477448466,0.0
-1.3834651071054076,1.6635738056639853,0.0
-3.3124824566404705,3.842484587258061,0.0
-1.3280217424446632,2.3011861625720047,0.0
-2.591507303555657,-0.417873805172972,0.0
-0.44552479214848284,3.5991689837867975,0.0
-3.1383911444017034,1.4780293017790394,0.0
-0.8963624042561702,0.9392618464795339,0.0
-2.6776711387244445,4.481712448333074,0.0
-1.1680847812477637,2.1494678172301134,0.0
-3.187518583260575,2.788570155327565,0.0
-1.9139526203157038,1.8854391166942581,0.0
-1.710217838297531,3.664050160745142,0.0
-2.2659711457645755,2.791033421673475,0.0
-2.138466759462349,1.9295310056158612,0.0
-2.1572126553897357,2.1768932756752832,0.0
-3.3195941866396854,1.4910139394725288,0.0
-1.907348180336944,3.1815182360660534,0.0
-1.2737111943713564,0.21117795231970504,0.0
-4.477961920539655,1.460156868425048,0.0
-1.4559494352852695,2.4136724978028847,0.0
-1.4713805321143103,2.568140421485565,0.0
-1.5894810168368994,0.5980887853273562,0.0
-2.294475973591805,2.3957673660001833,0.0
-2.9443761367909365,2.031371127309255,0.0
-2.786031877911775,0.8075187506252137,0.0
-1.138843687991062,1.5052870523241844,0.0
-2.302582160710407,0.18777248211620856,0.0
-3.4659388434953433,1.2241156288217057,0.0
-1.8471622138374866,1.7099785886287922,0.0
-1.7829407041668526,1.035961614296009,0.0
-1.3469849928047113,1.4488988516157486,0.0
-2.407353394799213,1.4355064234356005,0.0
-2.8656132028065087,0.9243809499488373,0.0
-1.6717763910691414,1.7935227544492134,0.0
-2.0253462938275244,1.5079646085120681,0.0
-2.5454370661414742,3.6189650216041827,0.0
-1.5355771567373078,3.3157514689463436,0.0
-1.0478222025718593,1.1467688789506785,0.0
-1.2328233950837357,2.6784904048293496,0.0
-2.158783104089507,0.5626039079538261,0.0
-1.7161416468399593,1.2393681980929878,0.0
-2.1593898394945885,3.343953105623842,0.0
-3.173611100052634,4.057749447494269,0.0
-0.9172284615652948,2.158213084413229,0.0
0.05941183505488823,1.6260260904805879,0.0
-2.3460070678580225,0.727429029760017,0.0
-3.3208714432442497,2.191716373239074,0.0
-1.7650966089040887,-0.47646670012152237,0.0
-0.5549476359233463,1.997066657185638,0.0
-3.204055981052954,1.0559455735861945,0.0
-1.5346530644310858,1.3324549620073065,0.0
-2.034355937111226,4.087522362460517,0.0
-1.8925736485240305,2.4944197323203454,0.0
-4.1649743902293235,1.6072463878154788,0.0
-1.626175878720375,-1.3474488952660977,0.0
-3.108492795611779,2.04518420281445,0.0
-1.318823918682035,1.5723356999243139,0.0
-1.6495844590783142,2.230084177126022,0.0
-2.212234354786636,1.6801271427482072,0.0
-2.477147752789911,1.6362509977962367,0.0
-1.2437332359272433,2.5657921960488177,0.0
-2.0807373763070203,1.4915187502097345,0.0
-1.3212481889458874,2.290739980312038,0.0
-1.8474800759752417,0.9995918343911139,0.0
-0.7649521804273061,2.2099916216901727,0.0
-1.2983514432630963,3.835321296072106,0.0
-1.368070061549151,-0.10602268628971157,0.0
-1.4642035765045107,3.2811445236362107,0.0
-2.3073611203242557,1.474759923563631,0.0
-2.4845476412469085,3.198885754089734,0.0
-2.1974202726816445,1.131340782566855,0.0
-1.276097799714814,2.4883166674889887,0.0
-2.051185445472006,1.6819563647750582,0.0
-0.9999469648431345,1.102104787667125,0.0
-2.717995317281893,3.8247756539490334,0.0
-1.8179912424691178,1.4138014991943788,0.0
-1.7153522950634117,2.1458990244668708,0.0
-3.204021464386723,4.623101923585914,0.0
-1.0358140666475864,1.3434472302088851,0.0
0.3696025483204233,1.5379416985169752,0.0
-2.310341488787483,3.7719160187887466,0.0
-1.5173383365217394,0.8576255426757835,0.0
-1.565810819402932,2.179142523780094,0.0
-1.567437965337438,2.0519695084464975,0.0
-3.0341128899923673,3.0242856534140206,0.0
-1.0300380406897305,-2.043084751000314,0.0
-1.4560928723550361,0.013765232623659251,0.0
-1.9842033466314872,3.3243036924144667,0.0
-1.7784973178185635,3.1075574143661746,0.0
-1.3796658480610344,2.975421085520636,0.0
-1.83147682879489,4.714514949680733,0.0
-0.35641107022154195,0.9134909501784814,0.0
-0.5467021760772126,2.4136409763348037,0.0
-2.5862766735006364,2.603644128535382,0.0
-2.4809263542457503,1.9354362971020769,0.0
-2.017789279538013,0.9482012155609252,0.0
-1.8455234199200268,2.1091162883715024,0.0
-1.3980166575507895,3.147448656218494,0.0
-1.92081018010558,1.6874577192775777,0.0
-2.241203240470053,0.32540853301070216,0.0
-2.067959495855769,1.8763927988389635,0.0
-0.9229736365603249,1.7740521838562149,0.0
-1.910385592463416,3.008262386110367,0.0
-1.6372419011894728,1.661759399847973,0.0
-1.694514804413362,2.6623677031080746,0.0
2.8248790009494664,2.201477795083971,1.0
-2.1703397423016617,1.9855461035127548,0.0
-1.4346891908766342,2.8194861951111805,0.0
-1.9865701262911828,3.6051855272921842,0.0
-2.8938949630842394,1.752679987289783,0.0
-2.106372591220837,3.130110025155715,0.0
-2.402533844131247,1.6941478837486426,0.0
-2.5689737677889104,1.1237218646994185,0.0
-3.22220062999278,4.039457244701335,0.0
-1.46365625538516,2.5236058215987374,0.0
-0.8685846645530881,2.019931168466489,0.0
-2.256165938717656,3.9583476932613975,0.0
-1.6146967028432335,-1.4568004762731488,0.0
-4.079095204839964,1.8968376438771646,0.0
-1.768426434288282,1.3738765083952038,0.0
-1.5404634484863446,3.3346262502483066,0.0
-2.005352191817864,3.1331329048503034,0.0
-2.283311925006178,1.4093410392570376,0.0
-1.37712382302775,1.090018952999082,0.0
-2.6908738768060623,2.3353224795951584,0.0
-1.718520584379355,2.404160640355088,0.0
-1.7566035041672077,2.996566404354609,0.0
-1.6230644159992975,3.248296952983173,0.0
-1.2285134088538232,2.497302661666629,0.0
-1.801441843783563,2.02197834788714,0.0
-0.4965101800976146,1.249594309598884,0.0
-2.2114505519190257,2.5367447190123853,0.0
-0.6799458481965335,2.237402284686332,0.0
-2.413266852938937,0.9770483908826304,0.0
-3.14837871629183,3.047509451736174,0.0
-0.3040401070953158,1.4644598008060643,0.0
-1.4376307942138453,1.6928055751033326,0.0
-0.9637312101612476,2.5960985081877617,0.0
-1.9778040885430115,0.35304743578188535,0.0
-2.4453468421758924,0.9430545989310564,0.0
-2.062129864584309,1.2305200009317927,0.0
-2.875492723646398,2.155887300939305,0.0
-2.744331812901093,1.9160144393365235,0.0
-1.5762880118787779,1.9683331090322034,0.0
-2.829897162749945,1.5407732203584998,0.0
-1.7349303560480887,2.2200855584044805,0.0
-1.6147477528298744,0.9663227674882158,0.0
-0.0800105428708997,0.8437028384305207,0.0
-2.166371087924488,0.8366929943414856,0.0
-2.773563181495714,1.2069483714832678,0.0
-1.23360257420181,0.8890054288921543,0.0
-2.877687832822294,3.5456365647033374,0.0
-1.7449336783902598,2.286067522169537,0.0
-2.0691239116223437,2.174932506680065,0.0
-1.63452743858188,2.4155178914687,0.0
-1.8788921871833473,2.871236297555937,0.0
-1.4361392799447654,1.178795770358043,0.0
-3.4849516997524113,2.667106922854749,0.0
-4.243826694289796,2.184318634100132,0.0
-1.5196526252860654,2.056865224211117,0.0
-2.2566205898983664,1.6208789196110565,0.0
-2.3944919547130814,1.6068394789096958,0.0
-2.1153165023404674,0.2436736693206818,0.0
-1.5347675400797252,1.9710634811426433,0.0
-3.5578243808003496,2.7214402266972963,0.0
-1.3357867181549268,1.9820034785844107,0.0
-2.6905196763069577,2.7475500221121836,0.0
-0.9933250060519196,-0.14522145161849975,0.0
-3.053617554772914,4.0406795377808935,0.0
-3.0321114380518814,-0.29839082507498027,0.0
-2.220864465178494,0.6293481498484172,0.0
-0.7101015909950281,0.7496601026895382,0.0
-2.6548861352244555,2.0023279864641688,0.0
-3.239682937355103,1.1614161388127169,0.0
-3.299952018711516,1.4288395769136253,0.0
-1.8017400578663276,0.6384239429202907,0.0
-0.9414887090724207,2.295099125249214,0.0
-0.8766441517094365,2.399757630588,0.0
-1.4334123866287265,-0.7015050356712598,0.0
-2.263824309582361,-0.5037949538639994,0.0
-1.3784117864552883,0.36194621356066947,0.0
-4.2131978289141685,1.096701497301011,0.0
-0.4337645235693188,1.043904627242906,0.0
-0.7210468675658821,0.6691954183587405,0.0
-0.6234497011219191,3.062286824518494,0.0
-1.2742591311502198,2.0886849734991437,0.0
-2.042520484528019,0.6472723760711752,0.0
-1.2710061758880549,-0.12227192224836703,0.0
2.648229406694467,2.236728336146586,1.0
-3.0241954944037155,2.005281333612338,0.0
-2.161225257526568,0.5134286139092776,0.0
-2.5462464235971365,2.4642146769878868,0.0
-2.06760390920252,2.0084180977955994,0.0
-1.5239757144254913,3.9757283404649177,0.0
-2.128341041442051,1.3587962497091843,0.0
-3.359307505407971,-0.21643494290900112,0.0
-2.1592455698661803,2.9726003512611348,0.0
-3.0290176314796264,0.8395624170510994,0.0
-0.04910340678445824,1.4369109728643972,0.0
-1.6171771232120815,0.7877348892800047,0.0
-3.476559491731921,1.8504456609556752,0.0
-2.7430164656772713,0.0905315147790613,0.0
-3.5405661636802632,3.5899726584444918,0.0
-1.6852067417740175,0.7147701943447724,0.0
-2.2162060313573244,3.551513659203465,0.0
-3.042229744091436,3.1280758374238307,0.0
-0.8609612420718482,5.428179548690405,0.0
-2.198331034002749,2.793115364611986,0.0
-2.938738126496775,1.1205143743015402,0.0
-2.73860276784442,-0.28557589216504375,0.0
-2.0097438490267465,2.883872811592302,0.0
-1.3368572939321006,4.243592619182419,0.0
-1.3160345173731103,2.398028661445978,0.0
-3.772159795038898,4.0272139035830445,0.0
-1.9530701013306908,3.1788002682818464,0.0
-1.8362367393847123,2.8595016852950215,0.0
-1.6741862221539532,0.8244162879674926,0.0
-1.9456732371934766,2.0067517920242772,0.0
-1.9145447028748053,1.3283512091337504,0.0
-2.1762345293021323,1.2365151043436007,0.0
-2.243907303018363,1.6621653197516366,0.0
-2.303576443532008,2.5917779442084337,0.0
-1.8066532860641646,0.7675960993063362,0.0
-1.5288921689465025,2.570638882471811,0.0
-2.591374465611262,1.6797474448744394,0.0
-1.8816094924542444,2.619326671577896,0.0
-2.4874672390927257,1.7764888428490322,0.0
-3.577434752482903,2.3978285278122686,0.0
-1.8844147778012954,2.142791518104877,0.0
-1.1746276011590782,2.5924191144076976,0.0
-2.4897629375776944,1.3988224136841672,0.0
-1.1333390009251887,1.5769027796643678,0.0
-2.564039418944609,2.050566796025205,0.0
-2.453480264818141,1.5745629516690443,0.0
-2.0991748968801582,0.8665647383956798,0.0
-3.22143207353909,2.21943840457991,0.0
-2.551464297124639,1.0421725976427139,0.0
-1.3244397503398087,2.814829780442354,0.0
-1.6219007674459738,0.9501374371629947,0.0
-1.5268107648096563,2.696708348897298,0.0
-2.124374636636207,1.5756681632791878,0.0
-2.372824574401895,1.1788705872766176,0.0
-1.199179425297164,4.855279066111572,0.0
-1.4622956308916848,3.376720851292804,0.0
-3.415950984191818,2.802126344528155,0.0
-1.3481694563893534,0.5536016825382726,0.0
-3.2965250509325026,1.9088657531645217,0.0
-2.6497892053953818,2.3717270651172804,0.0
-1.4637792579017992,0.6067757482694311,0.0
-2.52442847446068,2.2351815825729595,0.0
-3.4011280677042617,2.775824833583344,0.0
-0.25227713660873796,2.8528777087268327,0.0
-1.0768191534527927,2.502156014601188,0.0
-2.465323830072644,0.077188225324053,0.0
-1.6854068510910012,2.2168116340096335,0.0
-2.343552258894313,2.397088782699475,0.0
0.10322797378473503,2.1838302907292744,0.0
-0.9957645340113461,2.4862532661650127,0.0
-2.8532166133373464,3.850451759415874,0.0
-2.125889877529521,1.392274096732495,0.0
-1.4030602984995244,2.2771645270491567,0.0
-2.3396085087996608,2.439146022594233,0.0
-2.6159162994722704,0.932278612396227,0.0
-2.2536238047084596,3.4826216818882543,0.0
-2.4957979530663463,-0.040677427889040274,0.0
-2.89909098495305,4.6848688659271165,0.0
-1.8787196453938728,2.444016570005099,0.0
-1.6854668102285086,2.2738539054657765,0.0
-3.4347742839790065,1.6516596145762144,0.0
-2.529957461185947,1.7921664622903237,0.0
-1.0002991674336088,2.2437805307211143,0.0
-4.105765948820455,2.540915556306669,0.0
-1.611127319430588,1.8428311060076514,0.0
-1.2361863118050735,1.4925303590447485,0.0
-1.6659602588187103,0.4931260954707948,0.0
-0.29977286083898735,2.6902888573389125,0.0
-1.7868292689649519,1.5694735894672576,0.0
-2.1760859318546126,2.4518386149677034,1.0
-1.4949322143063264,3.1359006305242314,0.0
-1.814478441026937,2.6212551037573046,0.0
-1.294930981810039,2.7990987404906016,0.0
-1.768447078168696,2.94056716064458,0.0
-2.442440499949628,2.053655544290749,0.0
-0.6126169226803286,1.30980887897833,0.0
-2.4149248892284563,1.6397757908894834,0.0
-0.8560814531464285,1.8203189687898338,0.0
-2.4820918511187338,1.7970818946710438,0.0
-2.87629901613282,1.2190224352177843,0.0
-3.245559327267971,0.5870032370494223,0.0
-1.7447419196915332,-0.8696603051080607,0.0
-1.5141012501520887,0.5696362249652585,0.0
-3.36961815283135,1.3553530643455023,0.0
-1.8525026650256329,2.367001862742621,0.0
-0.9383160722742692,2.4726557647233793,0.0
-2.4452479123335005,2.6294261256991476,0.0
-1.8530305417062494,1.687059281837596,0.0
-1.8139839580085806,2.5035575688596703,0.0
-2.5664743535981893,-0.17339836243679807,0.0
-1.293702668313506,1.1173622521981317,0.0
-2.3473055203864295,2.9563483565337667,0.0
-3.1546052131585567,1.830391372641205,0.0
-2.1650049421284843,2.323085904533799,0.0
-1.9249588117470346,2.847082750331263,0.0
-3.563487382835752,2.6184105316523407,0.0
-0.4931321592769011,1.1155947603084138,0.0
-2.024518543321797,2.928032289239691,0.0
-1.8175028152742942,2.3123924150877837,0.0
2.750825564145856,2.2527140890494035,1.0
-0.5642322080062687,1.3225917216859742,0.0
-1.928930469534742,1.530534198478382,0.0
-2.883671159536612,2.865724409725832,0.0
-2.327190006512574,1.9434919062394322,0.0
-1.5879022424880382,2.031632354850146,0.0
-2.87646976131499,1.300373473769969,0.0
-1.8151340928412028,2.267592025987852,0.0
-2.117259894805471,0.8636571212490494,0.0
-1.0044962069446526,1.2022197052722854,0.0
-2.9590008541420016,1.8415426566799649,0.0
-2.121771712926622,3.1627891978091913,0.0
-1.674988150981489,2.455724075365396,0.0
-0.862556290323131,3.0544633455421364,0.0
-3.726384363721761,2.871166297820123,0.0
-1.746642974437611,3.0260253604102587,0.0
-2.3614193633465574,0.8767665760872156,0.0
-1.8997810100105328,1.8856187514357616,0.0
-0.7141163122913108,-0.012597857561986281,0.0
-2.4281950841942446,-0.1263027635899303,0.0
-1.8330910603213708,4.48970646309334,0.0
-0.3012336030566738,1.8414093342330353,0.0
-1.5972734185429944,2.320065849279273,0.0
-1.2030854970628573,4.019916471397224,0.0
-1.7867175072759895,2.3338233756009132,0.0
-2.0598674870220046,0.6369314363816028,0.0
-1.4313346107870724,1.2516547013846573,0.0
-2.8661576820249053,2.6256711486673487,0.0
-1.6613718983733976,2.130686248720627,0.0
-0.9868669710102504,0.4592272374409305,0.0
-2.4763958355837534,1.2660869338604,0.0
-2.4051103997674277,1.711088546649765,0.0
-4.706085214375296,1.8903530457662576,0.0
-2.31362513958916,2.800817384098543,0.0
-0.7586394794965994,2.2152475444662283,0.0
-2.4074832469194742,0.3857149642414601,0.0
-1.1687631017007947,0.3803130745975616,0.0
-0.4415078086120301,0.13347322409859452,0.0
-0.973409175231341,1.9629650663748777,0.0
-2.935535259833856,1.6245138294373132,0.0
-1.7357473458049468,2.909811724506868,0.0
-2.238810877495507,2.9478308970470986,0.0
-2.9255018730251985,1.2387478707115889,0.0
-1.8575202783781526,2.14182240221211,0.0
-2.4029564896967623,3.1042746276378974,0.0
-1.6217761767843324,2.7268364814478527,0.0
-2.9205116795503425,1.5893445439826448,0.0
-1.1264770830403572,4.898342439385733,0.0
-1.9401905183161778,2.8344187052126517,0.0
-1.7341190104394613,4.07672477293637,0.0
-0.7777562584977762,2.060362664285457,0.0
-1.254586625540239,2.3426749713443753,0.0
-2.241710637074528,2.0313934562548797,0.0
-1.237388219857308,0.35115171673460166,0.0
-1.2598991896476264,4.274439631780915,0.0
-2.1122613060660815,1.453486199162923,0.0
-2.7362318432585546,2.6781405486475003,0.0
-0.7619447669261286,1.4658338030467823,0.0
-0.9831778024414555,0.4987790790019144,0.0
-1.8446270662367164,1.5404696186601083,1.0
-1.9190312077000766,0.6251309587544867,0.0
-1.2244057033641629,-1.2459301253913777,0.0
-3.0558022541905463,1.537974219399145,0.0
-2.5590792609192325,2.7546891999701444,0.0
-1.6204672908330982,0.7695484565540518,0.0
-1.3558138532188577,3.234856787113279,0.0
-2.998241434065162,3.729599073600082,0.0
-2.9134833965423073,2.1457640931784154,0.0
